brand_name,generic_name,dosage,dosage_form,indications,side_effects,source
Panadol,Paracetamol,500mg - 1g,Tablet/Syrup,"Fever, Headache, Mild to Moderate Pain","Liver damage (if overdosed), Skin rash",DRAP Official & Pakistan Pharmaceutical Index
Calpol,Paracetamol,500mg - 1g,Tablet/Syrup,"Fever, Headache, Mild to Moderate Pain","Liver damage (if overdosed), Skin rash",DRAP Official & Pakistan Pharmaceutical Index
Febrol,Paracetamol,500mg - 1g,Tablet/Syrup,"Fever, Headache, Mild to Moderate Pain","Liver damage (if overdosed), Skin rash",DRAP Official & Pakistan Pharmaceutical Index
Disprol,Paracetamol,500mg - 1g,Tablet/Syrup,"Fever, Headache, Mild to Moderate Pain","Liver damage (if overdosed), Skin rash",DRAP Official & Pakistan Pharmaceutical Index
Fevastin,Paracetamol,500mg - 1g,Tablet/Syrup,"Fever, Headache, Mild to Moderate Pain","Liver damage (if overdosed), Skin rash",DRAP Official & Pakistan Pharmaceutical Index
Paracetamol,Paracetamol,500mg - 1g,Tablet/Syrup,"Fever, Headache, Mild to Moderate Pain","Liver damage (if overdosed), Skin rash",DRAP Official & Pakistan Pharmaceutical Index
Typhomol,Paracetamol,500mg - 1g,Tablet/Syrup,"Fever, Headache, Mild to Moderate Pain","Liver damage (if overdosed), Skin rash",DRAP Official & Pakistan Pharmaceutical Index
Surbex (Combo),Paracetamol,500mg - 1g,Tablet/Syrup,"Fever, Headache, Mild to Moderate Pain","Liver damage (if overdosed), Skin rash",DRAP Official & Pakistan Pharmaceutical Index
Tylenol,Paracetamol,500mg - 1g,Tablet/Syrup,"Fever, Headache, Mild to Moderate Pain","Liver damage (if overdosed), Skin rash",DRAP Official & Pakistan Pharmaceutical Index
Augmentin,Amoxicillin + Clavulanic Acid,375mg - 1g,Tablet/Suspension,"Bacterial infections (Throat, Ear, Sinus, Chest)","Diarrhea, Nausea, Rash",DRAP Official & Pakistan Pharmaceutical Index
Curam,Amoxicillin + Clavulanic Acid,375mg - 1g,Tablet/Suspension,"Bacterial infections (Throat, Ear, Sinus, Chest)","Diarrhea, Nausea, Rash",DRAP Official & Pakistan Pharmaceutical Index
Amoxiclav,Amoxicillin + Clavulanic Acid,375mg - 1g,Tablet/Suspension,"Bacterial infections (Throat, Ear, Sinus, Chest)","Diarrhea, Nausea, Rash",DRAP Official & Pakistan Pharmaceutical Index
Co-amoxiclav,Amoxicillin + Clavulanic Acid,375mg - 1g,Tablet/Suspension,"Bacterial infections (Throat, Ear, Sinus, Chest)","Diarrhea, Nausea, Rash",DRAP Official & Pakistan Pharmaceutical Index
Clavamox,Amoxicillin + Clavulanic Acid,375mg - 1g,Tablet/Suspension,"Bacterial infections (Throat, Ear, Sinus, Chest)","Diarrhea, Nausea, Rash",DRAP Official & Pakistan Pharmaceutical Index
Moxaclav,Amoxicillin + Clavulanic Acid,375mg - 1g,Tablet/Suspension,"Bacterial infections (Throat, Ear, Sinus, Chest)","Diarrhea, Nausea, Rash",DRAP Official & Pakistan Pharmaceutical Index
Amiclav,Amoxicillin + Clavulanic Acid,375mg - 1g,Tablet/Suspension,"Bacterial infections (Throat, Ear, Sinus, Chest)","Diarrhea, Nausea, Rash",DRAP Official & Pakistan Pharmaceutical Index
Klavox,Amoxicillin + Clavulanic Acid,375mg - 1g,Tablet/Suspension,"Bacterial infections (Throat, Ear, Sinus, Chest)","Diarrhea, Nausea, Rash",DRAP Official & Pakistan Pharmaceutical Index
Risek,Omeprazole,20mg - 40mg,Capsule,"Acid reflux, Heartburn, Gastric Ulcers","Headache, Abdominal pain",DRAP Official & Pakistan Pharmaceutical Index
Losec,Omeprazole,20mg - 40mg,Capsule,"Acid reflux, Heartburn, Gastric Ulcers","Headache, Abdominal pain",DRAP Official & Pakistan Pharmaceutical Index
Ulseac,Omeprazole,20mg - 40mg,Capsule,"Acid reflux, Heartburn, Gastric Ulcers","Headache, Abdominal pain",DRAP Official & Pakistan Pharmaceutical Index
Omezol,Omeprazole,20mg - 40mg,Capsule,"Acid reflux, Heartburn, Gastric Ulcers","Headache, Abdominal pain",DRAP Official & Pakistan Pharmaceutical Index
Opraz,Omeprazole,20mg - 40mg,Capsule,"Acid reflux, Heartburn, Gastric Ulcers","Headache, Abdominal pain",DRAP Official & Pakistan Pharmaceutical Index
Omesec,Omeprazole,20mg - 40mg,Capsule,"Acid reflux, Heartburn, Gastric Ulcers","Headache, Abdominal pain",DRAP Official & Pakistan Pharmaceutical Index
Zolger,Omeprazole,20mg - 40mg,Capsule,"Acid reflux, Heartburn, Gastric Ulcers","Headache, Abdominal pain",DRAP Official & Pakistan Pharmaceutical Index
Omez,Omeprazole,20mg - 40mg,Capsule,"Acid reflux, Heartburn, Gastric Ulcers","Headache, Abdominal pain",DRAP Official & Pakistan Pharmaceutical Index
Gasec,Omeprazole,20mg - 40mg,Capsule,"Acid reflux, Heartburn, Gastric Ulcers","Headache, Abdominal pain",DRAP Official & Pakistan Pharmaceutical Index
Nexum,Esomeprazole,20mg - 40mg,Tablet,"Severe Heartburn, GERD, Stomach Ulcer","Dizziness, Dry mouth",DRAP Official & Pakistan Pharmaceutical Index
Nexium,Esomeprazole,20mg - 40mg,Tablet,"Severe Heartburn, GERD, Stomach Ulcer","Dizziness, Dry mouth",DRAP Official & Pakistan Pharmaceutical Index
Esom,Esomeprazole,20mg - 40mg,Tablet,"Severe Heartburn, GERD, Stomach Ulcer","Dizziness, Dry mouth",DRAP Official & Pakistan Pharmaceutical Index
Esocare,Esomeprazole,20mg - 40mg,Tablet,"Severe Heartburn, GERD, Stomach Ulcer","Dizziness, Dry mouth",DRAP Official & Pakistan Pharmaceutical Index
Avisom,Esomeprazole,20mg - 40mg,Tablet,"Severe Heartburn, GERD, Stomach Ulcer","Dizziness, Dry mouth",DRAP Official & Pakistan Pharmaceutical Index
Eso,Esomeprazole,20mg - 40mg,Tablet,"Severe Heartburn, GERD, Stomach Ulcer","Dizziness, Dry mouth",DRAP Official & Pakistan Pharmaceutical Index
Inex,Esomeprazole,20mg - 40mg,Tablet,"Severe Heartburn, GERD, Stomach Ulcer","Dizziness, Dry mouth",DRAP Official & Pakistan Pharmaceutical Index
Esoget,Esomeprazole,20mg - 40mg,Tablet,"Severe Heartburn, GERD, Stomach Ulcer","Dizziness, Dry mouth",DRAP Official & Pakistan Pharmaceutical Index
Eso-Z,Esomeprazole,20mg - 40mg,Tablet,"Severe Heartburn, GERD, Stomach Ulcer","Dizziness, Dry mouth",DRAP Official & Pakistan Pharmaceutical Index
Brufen,Ibuprofen,200mg - 400mg,Tablet,"Inflammation, Joint Pain, Fever, Body Pain","Stomach bleeding, Kidney issues",DRAP Official & Pakistan Pharmaceutical Index
Ibugesic,Ibuprofen,200mg - 400mg,Tablet,"Inflammation, Joint Pain, Fever, Body Pain","Stomach bleeding, Kidney issues",DRAP Official & Pakistan Pharmaceutical Index
Nuberol Forte (Combo),Ibuprofen,200mg - 400mg,Tablet,"Inflammation, Joint Pain, Fever, Body Pain","Stomach bleeding, Kidney issues",DRAP Official & Pakistan Pharmaceutical Index
Arinac (Combo),Ibuprofen,200mg - 400mg,Tablet,"Inflammation, Joint Pain, Fever, Body Pain","Stomach bleeding, Kidney issues",DRAP Official & Pakistan Pharmaceutical Index
Ibusine,Ibuprofen,200mg - 400mg,Tablet,"Inflammation, Joint Pain, Fever, Body Pain","Stomach bleeding, Kidney issues",DRAP Official & Pakistan Pharmaceutical Index
Brufem,Ibuprofen,200mg - 400mg,Tablet,"Inflammation, Joint Pain, Fever, Body Pain","Stomach bleeding, Kidney issues",DRAP Official & Pakistan Pharmaceutical Index
Ibugesic,Ibuprofen,200mg - 400mg,Tablet,"Inflammation, Joint Pain, Fever, Body Pain","Stomach bleeding, Kidney issues",DRAP Official & Pakistan Pharmaceutical Index
Novidat,Ciprofloxacin,250mg - 500mg,Tablet,"Typhoid, Urinary Infections, Stomach Infections","Tendon pain, Dizziness",DRAP Official & Pakistan Pharmaceutical Index
Ciproxin,Ciprofloxacin,250mg - 500mg,Tablet,"Typhoid, Urinary Infections, Stomach Infections","Tendon pain, Dizziness",DRAP Official & Pakistan Pharmaceutical Index
Ciprocin,Ciprofloxacin,250mg - 500mg,Tablet,"Typhoid, Urinary Infections, Stomach Infections","Tendon pain, Dizziness",DRAP Official & Pakistan Pharmaceutical Index
Quinol,Ciprofloxacin,250mg - 500mg,Tablet,"Typhoid, Urinary Infections, Stomach Infections","Tendon pain, Dizziness",DRAP Official & Pakistan Pharmaceutical Index
Cipromet,Ciprofloxacin,250mg - 500mg,Tablet,"Typhoid, Urinary Infections, Stomach Infections","Tendon pain, Dizziness",DRAP Official & Pakistan Pharmaceutical Index
Ciprobay,Ciprofloxacin,250mg - 500mg,Tablet,"Typhoid, Urinary Infections, Stomach Infections","Tendon pain, Dizziness",DRAP Official & Pakistan Pharmaceutical Index
Cipro,Ciprofloxacin,250mg - 500mg,Tablet,"Typhoid, Urinary Infections, Stomach Infections","Tendon pain, Dizziness",DRAP Official & Pakistan Pharmaceutical Index
Zoxan,Ciprofloxacin,250mg - 500mg,Tablet,"Typhoid, Urinary Infections, Stomach Infections","Tendon pain, Dizziness",DRAP Official & Pakistan Pharmaceutical Index
Cifran,Ciprofloxacin,250mg - 500mg,Tablet,"Typhoid, Urinary Infections, Stomach Infections","Tendon pain, Dizziness",DRAP Official & Pakistan Pharmaceutical Index
Azomax,Azithromycin,250mg - 500mg,Tablet,"Chest Infection, Throat Infection, Skin Infection","Nausea, Abdominal cramps",DRAP Official & Pakistan Pharmaceutical Index
Zithromax,Azithromycin,250mg - 500mg,Tablet,"Chest Infection, Throat Infection, Skin Infection","Nausea, Abdominal cramps",DRAP Official & Pakistan Pharmaceutical Index
Azee,Azithromycin,250mg - 500mg,Tablet,"Chest Infection, Throat Infection, Skin Infection","Nausea, Abdominal cramps",DRAP Official & Pakistan Pharmaceutical Index
Zemax,Azithromycin,250mg - 500mg,Tablet,"Chest Infection, Throat Infection, Skin Infection","Nausea, Abdominal cramps",DRAP Official & Pakistan Pharmaceutical Index
Azi-Once,Azithromycin,250mg - 500mg,Tablet,"Chest Infection, Throat Infection, Skin Infection","Nausea, Abdominal cramps",DRAP Official & Pakistan Pharmaceutical Index
Macrol,Azithromycin,250mg - 500mg,Tablet,"Chest Infection, Throat Infection, Skin Infection","Nausea, Abdominal cramps",DRAP Official & Pakistan Pharmaceutical Index
Zetro,Azithromycin,250mg - 500mg,Tablet,"Chest Infection, Throat Infection, Skin Infection","Nausea, Abdominal cramps",DRAP Official & Pakistan Pharmaceutical Index
Azitma,Azithromycin,250mg - 500mg,Tablet,"Chest Infection, Throat Infection, Skin Infection","Nausea, Abdominal cramps",DRAP Official & Pakistan Pharmaceutical Index
Glucophage,Metformin,500mg - 850mg,Tablet,"Type 2 Diabetes, Blood Sugar Control","Stomach upset, Metallic taste",DRAP Official & Pakistan Pharmaceutical Index
Neodipar,Metformin,500mg - 850mg,Tablet,"Type 2 Diabetes, Blood Sugar Control","Stomach upset, Metallic taste",DRAP Official & Pakistan Pharmaceutical Index
Metfordin,Metformin,500mg - 850mg,Tablet,"Type 2 Diabetes, Blood Sugar Control","Stomach upset, Metallic taste",DRAP Official & Pakistan Pharmaceutical Index
Metformin,Metformin,500mg - 850mg,Tablet,"Type 2 Diabetes, Blood Sugar Control","Stomach upset, Metallic taste",DRAP Official & Pakistan Pharmaceutical Index
Glucomet,Metformin,500mg - 850mg,Tablet,"Type 2 Diabetes, Blood Sugar Control","Stomach upset, Metallic taste",DRAP Official & Pakistan Pharmaceutical Index
Diafage,Metformin,500mg - 850mg,Tablet,"Type 2 Diabetes, Blood Sugar Control","Stomach upset, Metallic taste",DRAP Official & Pakistan Pharmaceutical Index
Glumet,Metformin,500mg - 850mg,Tablet,"Type 2 Diabetes, Blood Sugar Control","Stomach upset, Metallic taste",DRAP Official & Pakistan Pharmaceutical Index
Norvasc,Amlodipine,5mg - 10mg,Tablet,"High Blood Pressure, Hypertension","Swelling in ankles, Dizziness",DRAP Official & Pakistan Pharmaceutical Index
Amlocard,Amlodipine,5mg - 10mg,Tablet,"High Blood Pressure, Hypertension","Swelling in ankles, Dizziness",DRAP Official & Pakistan Pharmaceutical Index
Lowvas,Amlodipine,5mg - 10mg,Tablet,"High Blood Pressure, Hypertension","Swelling in ankles, Dizziness",DRAP Official & Pakistan Pharmaceutical Index
Amlo,Amlodipine,5mg - 10mg,Tablet,"High Blood Pressure, Hypertension","Swelling in ankles, Dizziness",DRAP Official & Pakistan Pharmaceutical Index
Vaster,Amlodipine,5mg - 10mg,Tablet,"High Blood Pressure, Hypertension","Swelling in ankles, Dizziness",DRAP Official & Pakistan Pharmaceutical Index
Amline,Amlodipine,5mg - 10mg,Tablet,"High Blood Pressure, Hypertension","Swelling in ankles, Dizziness",DRAP Official & Pakistan Pharmaceutical Index
Amlodin,Amlodipine,5mg - 10mg,Tablet,"High Blood Pressure, Hypertension","Swelling in ankles, Dizziness",DRAP Official & Pakistan Pharmaceutical Index
Amvaz,Amlodipine,5mg - 10mg,Tablet,"High Blood Pressure, Hypertension","Swelling in ankles, Dizziness",DRAP Official & Pakistan Pharmaceutical Index
Amlofine,Amlodipine,5mg - 10mg,Tablet,"High Blood Pressure, Hypertension","Swelling in ankles, Dizziness",DRAP Official & Pakistan Pharmaceutical Index
Lipiget,Atorvastatin,10mg - 40mg,Tablet,"High Cholesterol, Heart Health","Muscle pain, Fatigue",DRAP Official & Pakistan Pharmaceutical Index
Winstor,Atorvastatin,10mg - 40mg,Tablet,"High Cholesterol, Heart Health","Muscle pain, Fatigue",DRAP Official & Pakistan Pharmaceutical Index
Lipitor,Atorvastatin,10mg - 40mg,Tablet,"High Cholesterol, Heart Health","Muscle pain, Fatigue",DRAP Official & Pakistan Pharmaceutical Index
Atorva,Atorvastatin,10mg - 40mg,Tablet,"High Cholesterol, Heart Health","Muscle pain, Fatigue",DRAP Official & Pakistan Pharmaceutical Index
Luton,Atorvastatin,10mg - 40mg,Tablet,"High Cholesterol, Heart Health","Muscle pain, Fatigue",DRAP Official & Pakistan Pharmaceutical Index
Lipirex,Atorvastatin,10mg - 40mg,Tablet,"High Cholesterol, Heart Health","Muscle pain, Fatigue",DRAP Official & Pakistan Pharmaceutical Index
Storvas,Atorvastatin,10mg - 40mg,Tablet,"High Cholesterol, Heart Health","Muscle pain, Fatigue",DRAP Official & Pakistan Pharmaceutical Index
Lipirex,Atorvastatin,10mg - 40mg,Tablet,"High Cholesterol, Heart Health","Muscle pain, Fatigue",DRAP Official & Pakistan Pharmaceutical Index
Atorva,Atorvastatin,10mg - 40mg,Tablet,"High Cholesterol, Heart Health","Muscle pain, Fatigue",DRAP Official & Pakistan Pharmaceutical Index
Cefspan,Cefixime,200mg - 400mg,Tablet/Capsule,"Typhoid, UTI, Respiratory Infections","Diarrhea, Stomach pain",DRAP Official & Pakistan Pharmaceutical Index
Suprax,Cefixime,200mg - 400mg,Tablet/Capsule,"Typhoid, UTI, Respiratory Infections","Diarrhea, Stomach pain",DRAP Official & Pakistan Pharmaceutical Index
Caricef,Cefixime,200mg - 400mg,Tablet/Capsule,"Typhoid, UTI, Respiratory Infections","Diarrhea, Stomach pain",DRAP Official & Pakistan Pharmaceutical Index
Xime,Cefixime,200mg - 400mg,Tablet/Capsule,"Typhoid, UTI, Respiratory Infections","Diarrhea, Stomach pain",DRAP Official & Pakistan Pharmaceutical Index
Fixpan,Cefixime,200mg - 400mg,Tablet/Capsule,"Typhoid, UTI, Respiratory Infections","Diarrhea, Stomach pain",DRAP Official & Pakistan Pharmaceutical Index
Cefim,Cefixime,200mg - 400mg,Tablet/Capsule,"Typhoid, UTI, Respiratory Infections","Diarrhea, Stomach pain",DRAP Official & Pakistan Pharmaceutical Index
Magaxima,Cefixime,200mg - 400mg,Tablet/Capsule,"Typhoid, UTI, Respiratory Infections","Diarrhea, Stomach pain",DRAP Official & Pakistan Pharmaceutical Index
Cefix,Cefixime,200mg - 400mg,Tablet/Capsule,"Typhoid, UTI, Respiratory Infections","Diarrhea, Stomach pain",DRAP Official & Pakistan Pharmaceutical Index
Zifi,Cefixime,200mg - 400mg,Tablet/Capsule,"Typhoid, UTI, Respiratory Infections","Diarrhea, Stomach pain",DRAP Official & Pakistan Pharmaceutical Index
Leflox,Levofloxacin,250mg - 500mg,Tablet,"Severe Bacterial Infections, Pneumonia","Insomnia, Dizziness",DRAP Official & Pakistan Pharmaceutical Index
Tavanic,Levofloxacin,250mg - 500mg,Tablet,"Severe Bacterial Infections, Pneumonia","Insomnia, Dizziness",DRAP Official & Pakistan Pharmaceutical Index
Levoxin,Levofloxacin,250mg - 500mg,Tablet,"Severe Bacterial Infections, Pneumonia","Insomnia, Dizziness",DRAP Official & Pakistan Pharmaceutical Index
Levo,Levofloxacin,250mg - 500mg,Tablet,"Severe Bacterial Infections, Pneumonia","Insomnia, Dizziness",DRAP Official & Pakistan Pharmaceutical Index
Uflox,Levofloxacin,250mg - 500mg,Tablet,"Severe Bacterial Infections, Pneumonia","Insomnia, Dizziness",DRAP Official & Pakistan Pharmaceutical Index
Levoflox,Levofloxacin,250mg - 500mg,Tablet,"Severe Bacterial Infections, Pneumonia","Insomnia, Dizziness",DRAP Official & Pakistan Pharmaceutical Index
Factive,Levofloxacin,250mg - 500mg,Tablet,"Severe Bacterial Infections, Pneumonia","Insomnia, Dizziness",DRAP Official & Pakistan Pharmaceutical Index
Levofloxacin,Levofloxacin,250mg - 500mg,Tablet,"Severe Bacterial Infections, Pneumonia","Insomnia, Dizziness",DRAP Official & Pakistan Pharmaceutical Index
Singulair,Montelukast,5mg - 10mg,Tablet,"Asthma prevention, Seasonal Allergies","Headache, Flu-like symptoms",DRAP Official & Pakistan Pharmaceutical Index
Montiget,Montelukast,5mg - 10mg,Tablet,"Asthma prevention, Seasonal Allergies","Headache, Flu-like symptoms",DRAP Official & Pakistan Pharmaceutical Index
Airlift,Montelukast,5mg - 10mg,Tablet,"Asthma prevention, Seasonal Allergies","Headache, Flu-like symptoms",DRAP Official & Pakistan Pharmaceutical Index
Monteluk,Montelukast,5mg - 10mg,Tablet,"Asthma prevention, Seasonal Allergies","Headache, Flu-like symptoms",DRAP Official & Pakistan Pharmaceutical Index
Montika,Montelukast,5mg - 10mg,Tablet,"Asthma prevention, Seasonal Allergies","Headache, Flu-like symptoms",DRAP Official & Pakistan Pharmaceutical Index
Abas,Montelukast,5mg - 10mg,Tablet,"Asthma prevention, Seasonal Allergies","Headache, Flu-like symptoms",DRAP Official & Pakistan Pharmaceutical Index
Monkast,Montelukast,5mg - 10mg,Tablet,"Asthma prevention, Seasonal Allergies","Headache, Flu-like symptoms",DRAP Official & Pakistan Pharmaceutical Index
Singular,Montelukast,5mg - 10mg,Tablet,"Asthma prevention, Seasonal Allergies","Headache, Flu-like symptoms",DRAP Official & Pakistan Pharmaceutical Index
Rigix,Cetirizine,10mg,Tablet,"Allergy symptoms, Itching, Sneezing","Drowsiness, Dry mouth",DRAP Official & Pakistan Pharmaceutical Index
Zyrtec,Cetirizine,10mg,Tablet,"Allergy symptoms, Itching, Sneezing","Drowsiness, Dry mouth",DRAP Official & Pakistan Pharmaceutical Index
Cetzine,Cetirizine,10mg,Tablet,"Allergy symptoms, Itching, Sneezing","Drowsiness, Dry mouth",DRAP Official & Pakistan Pharmaceutical Index
Cetzin,Cetirizine,10mg,Tablet,"Allergy symptoms, Itching, Sneezing","Drowsiness, Dry mouth",DRAP Official & Pakistan Pharmaceutical Index
Zyr,Cetirizine,10mg,Tablet,"Allergy symptoms, Itching, Sneezing","Drowsiness, Dry mouth",DRAP Official & Pakistan Pharmaceutical Index
Curitine,Cetirizine,10mg,Tablet,"Allergy symptoms, Itching, Sneezing","Drowsiness, Dry mouth",DRAP Official & Pakistan Pharmaceutical Index
Alernil,Cetirizine,10mg,Tablet,"Allergy symptoms, Itching, Sneezing","Drowsiness, Dry mouth",DRAP Official & Pakistan Pharmaceutical Index
Cetiril,Cetirizine,10mg,Tablet,"Allergy symptoms, Itching, Sneezing","Drowsiness, Dry mouth",DRAP Official & Pakistan Pharmaceutical Index
Softin,Loratadine,10mg,Tablet,"Allergic Rhinitis, Hives, Sneezing","Dizziness, Fatigue",DRAP Official & Pakistan Pharmaceutical Index
Clarityne,Loratadine,10mg,Tablet,"Allergic Rhinitis, Hives, Sneezing","Dizziness, Fatigue",DRAP Official & Pakistan Pharmaceutical Index
Larnix,Loratadine,10mg,Tablet,"Allergic Rhinitis, Hives, Sneezing","Dizziness, Fatigue",DRAP Official & Pakistan Pharmaceutical Index
Loran,Loratadine,10mg,Tablet,"Allergic Rhinitis, Hives, Sneezing","Dizziness, Fatigue",DRAP Official & Pakistan Pharmaceutical Index
Lorfast,Loratadine,10mg,Tablet,"Allergic Rhinitis, Hives, Sneezing","Dizziness, Fatigue",DRAP Official & Pakistan Pharmaceutical Index
Lorat,Loratadine,10mg,Tablet,"Allergic Rhinitis, Hives, Sneezing","Dizziness, Fatigue",DRAP Official & Pakistan Pharmaceutical Index
Alavert,Loratadine,10mg,Tablet,"Allergic Rhinitis, Hives, Sneezing","Dizziness, Fatigue",DRAP Official & Pakistan Pharmaceutical Index
Lorax,Loratadine,10mg,Tablet,"Allergic Rhinitis, Hives, Sneezing","Dizziness, Fatigue",DRAP Official & Pakistan Pharmaceutical Index
Januvia,Sitagliptin,50mg - 100mg,Tablet,Type 2 Diabetes Control,Upper respiratory infection,DRAP Official & Pakistan Pharmaceutical Index
Sitara,Sitagliptin,50mg - 100mg,Tablet,Type 2 Diabetes Control,Upper respiratory infection,DRAP Official & Pakistan Pharmaceutical Index
Sita,Sitagliptin,50mg - 100mg,Tablet,Type 2 Diabetes Control,Upper respiratory infection,DRAP Official & Pakistan Pharmaceutical Index
Sitagliptin,Sitagliptin,50mg - 100mg,Tablet,Type 2 Diabetes Control,Upper respiratory infection,DRAP Official & Pakistan Pharmaceutical Index
Zita,Sitagliptin,50mg - 100mg,Tablet,Type 2 Diabetes Control,Upper respiratory infection,DRAP Official & Pakistan Pharmaceutical Index
Galvus S,Sitagliptin,50mg - 100mg,Tablet,Type 2 Diabetes Control,Upper respiratory infection,DRAP Official & Pakistan Pharmaceutical Index
Sitavia,Sitagliptin,50mg - 100mg,Tablet,Type 2 Diabetes Control,Upper respiratory infection,DRAP Official & Pakistan Pharmaceutical Index
Janumet (Combo),Sitagliptin,50mg - 100mg,Tablet,Type 2 Diabetes Control,Upper respiratory infection,DRAP Official & Pakistan Pharmaceutical Index
Galvus,Vildagliptin,50mg,Tablet,Diabetes Management,"Dizziness, Headache",DRAP Official & Pakistan Pharmaceutical Index
Vidal,Vildagliptin,50mg,Tablet,Diabetes Management,"Dizziness, Headache",DRAP Official & Pakistan Pharmaceutical Index
Vildapure,Vildagliptin,50mg,Tablet,Diabetes Management,"Dizziness, Headache",DRAP Official & Pakistan Pharmaceutical Index
Vilda,Vildagliptin,50mg,Tablet,Diabetes Management,"Dizziness, Headache",DRAP Official & Pakistan Pharmaceutical Index
Vildas,Vildagliptin,50mg,Tablet,Diabetes Management,"Dizziness, Headache",DRAP Official & Pakistan Pharmaceutical Index
Glicep,Vildagliptin,50mg,Tablet,Diabetes Management,"Dizziness, Headache",DRAP Official & Pakistan Pharmaceutical Index
Vildameto,Vildagliptin,50mg,Tablet,Diabetes Management,"Dizziness, Headache",DRAP Official & Pakistan Pharmaceutical Index
Vildagliptin,Vildagliptin,50mg,Tablet,Diabetes Management,"Dizziness, Headache",DRAP Official & Pakistan Pharmaceutical Index
Thyrox,Levothyroxine,25mcg - 100mcg,Tablet,Thyroid Deficiency (Hypothyroidism),"Palpitations, Weight loss (if overused)",DRAP Official & Pakistan Pharmaceutical Index
Oroxine,Levothyroxine,25mcg - 100mcg,Tablet,Thyroid Deficiency (Hypothyroidism),"Palpitations, Weight loss (if overused)",DRAP Official & Pakistan Pharmaceutical Index
Thyroxine,Levothyroxine,25mcg - 100mcg,Tablet,Thyroid Deficiency (Hypothyroidism),"Palpitations, Weight loss (if overused)",DRAP Official & Pakistan Pharmaceutical Index
Euthyrox,Levothyroxine,25mcg - 100mcg,Tablet,Thyroid Deficiency (Hypothyroidism),"Palpitations, Weight loss (if overused)",DRAP Official & Pakistan Pharmaceutical Index
Thyroid,Levothyroxine,25mcg - 100mcg,Tablet,Thyroid Deficiency (Hypothyroidism),"Palpitations, Weight loss (if overused)",DRAP Official & Pakistan Pharmaceutical Index
L-Thyroxine,Levothyroxine,25mcg - 100mcg,Tablet,Thyroid Deficiency (Hypothyroidism),"Palpitations, Weight loss (if overused)",DRAP Official & Pakistan Pharmaceutical Index
Thyrax,Levothyroxine,25mcg - 100mcg,Tablet,Thyroid Deficiency (Hypothyroidism),"Palpitations, Weight loss (if overused)",DRAP Official & Pakistan Pharmaceutical Index
Valium,Diazepam/Bromazepam,1mg - 5mg,Tablet,"Anxiety, Sleep issues, Muscle Tension","Drowsiness, Dependent issues (Controlled)",DRAP Official & Pakistan Pharmaceutical Index
Lexotanil,Diazepam/Bromazepam,1mg - 5mg,Tablet,"Anxiety, Sleep issues, Muscle Tension","Drowsiness, Dependent issues (Controlled)",DRAP Official & Pakistan Pharmaceutical Index
Rivotril,Diazepam/Bromazepam,1mg - 5mg,Tablet,"Anxiety, Sleep issues, Muscle Tension","Drowsiness, Dependent issues (Controlled)",DRAP Official & Pakistan Pharmaceutical Index
Xanax,Diazepam/Bromazepam,1mg - 5mg,Tablet,"Anxiety, Sleep issues, Muscle Tension","Drowsiness, Dependent issues (Controlled)",DRAP Official & Pakistan Pharmaceutical Index
Ativan,Diazepam/Bromazepam,1mg - 5mg,Tablet,"Anxiety, Sleep issues, Muscle Tension","Drowsiness, Dependent issues (Controlled)",DRAP Official & Pakistan Pharmaceutical Index
Phenergan,Diazepam/Bromazepam,1mg - 5mg,Tablet,"Anxiety, Sleep issues, Muscle Tension","Drowsiness, Dependent issues (Controlled)",DRAP Official & Pakistan Pharmaceutical Index
Bromaze,Diazepam/Bromazepam,1mg - 5mg,Tablet,"Anxiety, Sleep issues, Muscle Tension","Drowsiness, Dependent issues (Controlled)",DRAP Official & Pakistan Pharmaceutical Index
Dicloran,Diclofenac,50mg - 100mg,Tablet/Gel,"Severe Pain, Arthritis, Kidney Pain",Gastric irritation,DRAP Official & Pakistan Pharmaceutical Index
Voren,Diclofenac,50mg - 100mg,Tablet/Gel,"Severe Pain, Arthritis, Kidney Pain",Gastric irritation,DRAP Official & Pakistan Pharmaceutical Index
Voltaren,Diclofenac,50mg - 100mg,Tablet/Gel,"Severe Pain, Arthritis, Kidney Pain",Gastric irritation,DRAP Official & Pakistan Pharmaceutical Index
Diclo,Diclofenac,50mg - 100mg,Tablet/Gel,"Severe Pain, Arthritis, Kidney Pain",Gastric irritation,DRAP Official & Pakistan Pharmaceutical Index
Defenac,Diclofenac,50mg - 100mg,Tablet/Gel,"Severe Pain, Arthritis, Kidney Pain",Gastric irritation,DRAP Official & Pakistan Pharmaceutical Index
Volta,Diclofenac,50mg - 100mg,Tablet/Gel,"Severe Pain, Arthritis, Kidney Pain",Gastric irritation,DRAP Official & Pakistan Pharmaceutical Index
Diclor,Diclofenac,50mg - 100mg,Tablet/Gel,"Severe Pain, Arthritis, Kidney Pain",Gastric irritation,DRAP Official & Pakistan Pharmaceutical Index
Diclofenac,Diclofenac,50mg - 100mg,Tablet/Gel,"Severe Pain, Arthritis, Kidney Pain",Gastric irritation,DRAP Official & Pakistan Pharmaceutical Index
Cozaar,Losartan,25mg - 50mg,Tablet,"High Blood Pressure, Kidney Protection in Diabetes","Dizziness, High Potassium",DRAP Official & Pakistan Pharmaceutical Index
Angizar,Losartan,25mg - 50mg,Tablet,"High Blood Pressure, Kidney Protection in Diabetes","Dizziness, High Potassium",DRAP Official & Pakistan Pharmaceutical Index
Losar,Losartan,25mg - 50mg,Tablet,"High Blood Pressure, Kidney Protection in Diabetes","Dizziness, High Potassium",DRAP Official & Pakistan Pharmaceutical Index
Lo-hypert,Losartan,25mg - 50mg,Tablet,"High Blood Pressure, Kidney Protection in Diabetes","Dizziness, High Potassium",DRAP Official & Pakistan Pharmaceutical Index
Lorax,Losartan,25mg - 50mg,Tablet,"High Blood Pressure, Kidney Protection in Diabetes","Dizziness, High Potassium",DRAP Official & Pakistan Pharmaceutical Index
Losamax,Losartan,25mg - 50mg,Tablet,"High Blood Pressure, Kidney Protection in Diabetes","Dizziness, High Potassium",DRAP Official & Pakistan Pharmaceutical Index
Lozan,Losartan,25mg - 50mg,Tablet,"High Blood Pressure, Kidney Protection in Diabetes","Dizziness, High Potassium",DRAP Official & Pakistan Pharmaceutical Index
Losakor,Losartan,25mg - 50mg,Tablet,"High Blood Pressure, Kidney Protection in Diabetes","Dizziness, High Potassium",DRAP Official & Pakistan Pharmaceutical Index
Crestor,Rosuvastatin,10mg - 20mg,Tablet,"High Cholesterol, Prevention of Heart Stroke","Muscle weakness, Fatigue",DRAP Official & Pakistan Pharmaceutical Index
Rovista,Rosuvastatin,10mg - 20mg,Tablet,"High Cholesterol, Prevention of Heart Stroke","Muscle weakness, Fatigue",DRAP Official & Pakistan Pharmaceutical Index
Rosuvas,Rosuvastatin,10mg - 20mg,Tablet,"High Cholesterol, Prevention of Heart Stroke","Muscle weakness, Fatigue",DRAP Official & Pakistan Pharmaceutical Index
Xatral,Rosuvastatin,10mg - 20mg,Tablet,"High Cholesterol, Prevention of Heart Stroke","Muscle weakness, Fatigue",DRAP Official & Pakistan Pharmaceutical Index
Zarator,Rosuvastatin,10mg - 20mg,Tablet,"High Cholesterol, Prevention of Heart Stroke","Muscle weakness, Fatigue",DRAP Official & Pakistan Pharmaceutical Index
Rosu,Rosuvastatin,10mg - 20mg,Tablet,"High Cholesterol, Prevention of Heart Stroke","Muscle weakness, Fatigue",DRAP Official & Pakistan Pharmaceutical Index
Lipirex R,Rosuvastatin,10mg - 20mg,Tablet,"High Cholesterol, Prevention of Heart Stroke","Muscle weakness, Fatigue",DRAP Official & Pakistan Pharmaceutical Index
Rosuzet,Rosuvastatin,10mg - 20mg,Tablet,"High Cholesterol, Prevention of Heart Stroke","Muscle weakness, Fatigue",DRAP Official & Pakistan Pharmaceutical Index
Diamicron,Gliclazide,30mg - 60mg,Tablet,Diabetes Mellitus Type 2,Hypoglycemia (Low sugar),DRAP Official & Pakistan Pharmaceutical Index
Getz-G,Gliclazide,30mg - 60mg,Tablet,Diabetes Mellitus Type 2,Hypoglycemia (Low sugar),DRAP Official & Pakistan Pharmaceutical Index
Gluco-G,Gliclazide,30mg - 60mg,Tablet,Diabetes Mellitus Type 2,Hypoglycemia (Low sugar),DRAP Official & Pakistan Pharmaceutical Index
Diaben,Gliclazide,30mg - 60mg,Tablet,Diabetes Mellitus Type 2,Hypoglycemia (Low sugar),DRAP Official & Pakistan Pharmaceutical Index
Glicron,Gliclazide,30mg - 60mg,Tablet,Diabetes Mellitus Type 2,Hypoglycemia (Low sugar),DRAP Official & Pakistan Pharmaceutical Index
Diabezid,Gliclazide,30mg - 60mg,Tablet,Diabetes Mellitus Type 2,Hypoglycemia (Low sugar),DRAP Official & Pakistan Pharmaceutical Index
Glidiab,Gliclazide,30mg - 60mg,Tablet,Diabetes Mellitus Type 2,Hypoglycemia (Low sugar),DRAP Official & Pakistan Pharmaceutical Index
Zopent,Pantoprazole,40mg,Tablet,"Stomach acid, GERD, Ulcer","Joint pain, Diarrhea",DRAP Official & Pakistan Pharmaceutical Index
Pantop,Pantoprazole,40mg,Tablet,"Stomach acid, GERD, Ulcer","Joint pain, Diarrhea",DRAP Official & Pakistan Pharmaceutical Index
Protium,Pantoprazole,40mg,Tablet,"Stomach acid, GERD, Ulcer","Joint pain, Diarrhea",DRAP Official & Pakistan Pharmaceutical Index
Pan-40,Pantoprazole,40mg,Tablet,"Stomach acid, GERD, Ulcer","Joint pain, Diarrhea",DRAP Official & Pakistan Pharmaceutical Index
Pantoget,Pantoprazole,40mg,Tablet,"Stomach acid, GERD, Ulcer","Joint pain, Diarrhea",DRAP Official & Pakistan Pharmaceutical Index
Panto,Pantoprazole,40mg,Tablet,"Stomach acid, GERD, Ulcer","Joint pain, Diarrhea",DRAP Official & Pakistan Pharmaceutical Index
Pantalok,Pantoprazole,40mg,Tablet,"Stomach acid, GERD, Ulcer","Joint pain, Diarrhea",DRAP Official & Pakistan Pharmaceutical Index
Decadron,Dexamethasone,0.5mg - 4mg,Tablet/Steroid,"Allergic reactions, Inflammation, COVID-19 (Severe cases)","Weight gain, Increased appetite",DRAP Official & Pakistan Pharmaceutical Index
Dexameth,Dexamethasone,0.5mg - 4mg,Tablet/Steroid,"Allergic reactions, Inflammation, COVID-19 (Severe cases)","Weight gain, Increased appetite",DRAP Official & Pakistan Pharmaceutical Index
Dexa,Dexamethasone,0.5mg - 4mg,Tablet/Steroid,"Allergic reactions, Inflammation, COVID-19 (Severe cases)","Weight gain, Increased appetite",DRAP Official & Pakistan Pharmaceutical Index
Oradexon,Dexamethasone,0.5mg - 4mg,Tablet/Steroid,"Allergic reactions, Inflammation, COVID-19 (Severe cases)","Weight gain, Increased appetite",DRAP Official & Pakistan Pharmaceutical Index
Maxidex,Dexamethasone,0.5mg - 4mg,Tablet/Steroid,"Allergic reactions, Inflammation, COVID-19 (Severe cases)","Weight gain, Increased appetite",DRAP Official & Pakistan Pharmaceutical Index
Dexamet,Dexamethasone,0.5mg - 4mg,Tablet/Steroid,"Allergic reactions, Inflammation, COVID-19 (Severe cases)","Weight gain, Increased appetite",DRAP Official & Pakistan Pharmaceutical Index
Concor,Bisoprolol,2.5mg - 5mg,Tablet,"Heart failure, High Blood Pressure","Cold hands/feet, Fatigue",DRAP Official & Pakistan Pharmaceutical Index
Bisocor,Bisoprolol,2.5mg - 5mg,Tablet,"Heart failure, High Blood Pressure","Cold hands/feet, Fatigue",DRAP Official & Pakistan Pharmaceutical Index
Biso,Bisoprolol,2.5mg - 5mg,Tablet,"Heart failure, High Blood Pressure","Cold hands/feet, Fatigue",DRAP Official & Pakistan Pharmaceutical Index
Cardicor,Bisoprolol,2.5mg - 5mg,Tablet,"Heart failure, High Blood Pressure","Cold hands/feet, Fatigue",DRAP Official & Pakistan Pharmaceutical Index
Zebeta,Bisoprolol,2.5mg - 5mg,Tablet,"Heart failure, High Blood Pressure","Cold hands/feet, Fatigue",DRAP Official & Pakistan Pharmaceutical Index
Bisoget,Bisoprolol,2.5mg - 5mg,Tablet,"Heart failure, High Blood Pressure","Cold hands/feet, Fatigue",DRAP Official & Pakistan Pharmaceutical Index
Flagyl,Metronidazole,250mg - 400mg,Tablet,"Stomach infections, Dental infections, Parasites","Metallic taste, Nausea",DRAP Official & Pakistan Pharmaceutical Index
Metrozine,Metronidazole,250mg - 400mg,Tablet,"Stomach infections, Dental infections, Parasites","Metallic taste, Nausea",DRAP Official & Pakistan Pharmaceutical Index
Metryl,Metronidazole,250mg - 400mg,Tablet,"Stomach infections, Dental infections, Parasites","Metallic taste, Nausea",DRAP Official & Pakistan Pharmaceutical Index
Metrogyl,Metronidazole,250mg - 400mg,Tablet,"Stomach infections, Dental infections, Parasites","Metallic taste, Nausea",DRAP Official & Pakistan Pharmaceutical Index
Entamizole (Combo),Metronidazole,250mg - 400mg,Tablet,"Stomach infections, Dental infections, Parasites","Metallic taste, Nausea",DRAP Official & Pakistan Pharmaceutical Index
Metrodine,Metronidazole,250mg - 400mg,Tablet,"Stomach infections, Dental infections, Parasites","Metallic taste, Nausea",DRAP Official & Pakistan Pharmaceutical Index
Lexapro,Escitalopram,10mg - 20mg,Tablet,"Depression, Generalized Anxiety Disorder","Nausea, Sleep disturbance",DRAP Official & Pakistan Pharmaceutical Index
Cipralex,Escitalopram,10mg - 20mg,Tablet,"Depression, Generalized Anxiety Disorder","Nausea, Sleep disturbance",DRAP Official & Pakistan Pharmaceutical Index
Escital,Escitalopram,10mg - 20mg,Tablet,"Depression, Generalized Anxiety Disorder","Nausea, Sleep disturbance",DRAP Official & Pakistan Pharmaceutical Index
Zepram,Escitalopram,10mg - 20mg,Tablet,"Depression, Generalized Anxiety Disorder","Nausea, Sleep disturbance",DRAP Official & Pakistan Pharmaceutical Index
Escitap,Escitalopram,10mg - 20mg,Tablet,"Depression, Generalized Anxiety Disorder","Nausea, Sleep disturbance",DRAP Official & Pakistan Pharmaceutical Index
Nexxit,Escitalopram,10mg - 20mg,Tablet,"Depression, Generalized Anxiety Disorder","Nausea, Sleep disturbance",DRAP Official & Pakistan Pharmaceutical Index
Zoloft,Sertraline,50mg - 100mg,Tablet,"OCD, Panic Disorder, Depression","Dizziness, Dry mouth",DRAP Official & Pakistan Pharmaceutical Index
Sertra,Sertraline,50mg - 100mg,Tablet,"OCD, Panic Disorder, Depression","Dizziness, Dry mouth",DRAP Official & Pakistan Pharmaceutical Index
Serenil,Sertraline,50mg - 100mg,Tablet,"OCD, Panic Disorder, Depression","Dizziness, Dry mouth",DRAP Official & Pakistan Pharmaceutical Index
Zolof,Sertraline,50mg - 100mg,Tablet,"OCD, Panic Disorder, Depression","Dizziness, Dry mouth",DRAP Official & Pakistan Pharmaceutical Index
Sertral,Sertraline,50mg - 100mg,Tablet,"OCD, Panic Disorder, Depression","Dizziness, Dry mouth",DRAP Official & Pakistan Pharmaceutical Index
Reston,Sertraline,50mg - 100mg,Tablet,"OCD, Panic Disorder, Depression","Dizziness, Dry mouth",DRAP Official & Pakistan Pharmaceutical Index
Lyrica,Pregabalin,75mg - 150mg,Capsule,"Nerve Pain, Neuropathy, Epilepsy","Weight gain, Drowsiness",DRAP Official & Pakistan Pharmaceutical Index
Pregab,Pregabalin,75mg - 150mg,Capsule,"Nerve Pain, Neuropathy, Epilepsy","Weight gain, Drowsiness",DRAP Official & Pakistan Pharmaceutical Index
Galin,Pregabalin,75mg - 150mg,Capsule,"Nerve Pain, Neuropathy, Epilepsy","Weight gain, Drowsiness",DRAP Official & Pakistan Pharmaceutical Index
Neurica,Pregabalin,75mg - 150mg,Capsule,"Nerve Pain, Neuropathy, Epilepsy","Weight gain, Drowsiness",DRAP Official & Pakistan Pharmaceutical Index
Gabalin,Pregabalin,75mg - 150mg,Capsule,"Nerve Pain, Neuropathy, Epilepsy","Weight gain, Drowsiness",DRAP Official & Pakistan Pharmaceutical Index
Pregic,Pregabalin,75mg - 150mg,Capsule,"Nerve Pain, Neuropathy, Epilepsy","Weight gain, Drowsiness",DRAP Official & Pakistan Pharmaceutical Index
Neurontin,Gabapentin,300mg - 400mg,Capsule,"Post-herpetic Neuralgia, Seizures","Fatigue, Dizziness",DRAP Official & Pakistan Pharmaceutical Index
Gabapen,Gabapentin,300mg - 400mg,Capsule,"Post-herpetic Neuralgia, Seizures","Fatigue, Dizziness",DRAP Official & Pakistan Pharmaceutical Index
Gabaneur,Gabapentin,300mg - 400mg,Capsule,"Post-herpetic Neuralgia, Seizures","Fatigue, Dizziness",DRAP Official & Pakistan Pharmaceutical Index
Gabamax,Gabapentin,300mg - 400mg,Capsule,"Post-herpetic Neuralgia, Seizures","Fatigue, Dizziness",DRAP Official & Pakistan Pharmaceutical Index
Gabic,Gabapentin,300mg - 400mg,Capsule,"Post-herpetic Neuralgia, Seizures","Fatigue, Dizziness",DRAP Official & Pakistan Pharmaceutical Index
Neutin,Gabapentin,300mg - 400mg,Capsule,"Post-herpetic Neuralgia, Seizures","Fatigue, Dizziness",DRAP Official & Pakistan Pharmaceutical Index
Diovan,Valsartan,80mg - 160mg,Tablet,"Hypertension, Post-Heart Attack Heart Failure","Back pain, High Potassium",DRAP Official & Pakistan Pharmaceutical Index
Valzar,Valsartan,80mg - 160mg,Tablet,"Hypertension, Post-Heart Attack Heart Failure","Back pain, High Potassium",DRAP Official & Pakistan Pharmaceutical Index
Valtine,Valsartan,80mg - 160mg,Tablet,"Hypertension, Post-Heart Attack Heart Failure","Back pain, High Potassium",DRAP Official & Pakistan Pharmaceutical Index
Valsar,Valsartan,80mg - 160mg,Tablet,"Hypertension, Post-Heart Attack Heart Failure","Back pain, High Potassium",DRAP Official & Pakistan Pharmaceutical Index
Valtac,Valsartan,80mg - 160mg,Tablet,"Hypertension, Post-Heart Attack Heart Failure","Back pain, High Potassium",DRAP Official & Pakistan Pharmaceutical Index
Angiozar,Valsartan,80mg - 160mg,Tablet,"Hypertension, Post-Heart Attack Heart Failure","Back pain, High Potassium",DRAP Official & Pakistan Pharmaceutical Index
Altace,Ramipril,2.5mg - 5mg,Tablet,"Blood pressure control, Post-infarction care","Dry cough, Dizziness",DRAP Official & Pakistan Pharmaceutical Index
Ramipr,Ramipril,2.5mg - 5mg,Tablet,"Blood pressure control, Post-infarction care","Dry cough, Dizziness",DRAP Official & Pakistan Pharmaceutical Index
Ramipil,Ramipril,2.5mg - 5mg,Tablet,"Blood pressure control, Post-infarction care","Dry cough, Dizziness",DRAP Official & Pakistan Pharmaceutical Index
Rami,Ramipril,2.5mg - 5mg,Tablet,"Blood pressure control, Post-infarction care","Dry cough, Dizziness",DRAP Official & Pakistan Pharmaceutical Index
Cardace,Ramipril,2.5mg - 5mg,Tablet,"Blood pressure control, Post-infarction care","Dry cough, Dizziness",DRAP Official & Pakistan Pharmaceutical Index
Ramace,Ramipril,2.5mg - 5mg,Tablet,"Blood pressure control, Post-infarction care","Dry cough, Dizziness",DRAP Official & Pakistan Pharmaceutical Index
Hydrodiuril,Hydrochlorothiazide,12.5mg - 25mg,Tablet,"Edema, Water retention, High Blood Pressure","Frequent urination, Low Potassium",DRAP Official & Pakistan Pharmaceutical Index
Ezide,Hydrochlorothiazide,12.5mg - 25mg,Tablet,"Edema, Water retention, High Blood Pressure","Frequent urination, Low Potassium",DRAP Official & Pakistan Pharmaceutical Index
Hydrex,Hydrochlorothiazide,12.5mg - 25mg,Tablet,"Edema, Water retention, High Blood Pressure","Frequent urination, Low Potassium",DRAP Official & Pakistan Pharmaceutical Index
HCTZ,Hydrochlorothiazide,12.5mg - 25mg,Tablet,"Edema, Water retention, High Blood Pressure","Frequent urination, Low Potassium",DRAP Official & Pakistan Pharmaceutical Index
Microzide,Hydrochlorothiazide,12.5mg - 25mg,Tablet,"Edema, Water retention, High Blood Pressure","Frequent urination, Low Potassium",DRAP Official & Pakistan Pharmaceutical Index
Aldactone,Spironolactone,25mg - 100mg,Tablet,"Fluid build-up, Heart failure, Hormonal acne","Breast tenderness (Males), High Potassium",DRAP Official & Pakistan Pharmaceutical Index
Spiron,Spironolactone,25mg - 100mg,Tablet,"Fluid build-up, Heart failure, Hormonal acne","Breast tenderness (Males), High Potassium",DRAP Official & Pakistan Pharmaceutical Index
Spirot,Spironolactone,25mg - 100mg,Tablet,"Fluid build-up, Heart failure, Hormonal acne","Breast tenderness (Males), High Potassium",DRAP Official & Pakistan Pharmaceutical Index
Aldar,Spironolactone,25mg - 100mg,Tablet,"Fluid build-up, Heart failure, Hormonal acne","Breast tenderness (Males), High Potassium",DRAP Official & Pakistan Pharmaceutical Index
Spirix,Spironolactone,25mg - 100mg,Tablet,"Fluid build-up, Heart failure, Hormonal acne","Breast tenderness (Males), High Potassium",DRAP Official & Pakistan Pharmaceutical Index
Coumadin,Warfarin,2mg - 5mg,Tablet,"Blood clots, Stroke prevention in Atrial Fibrillation","Bleeding risk, Bruising",DRAP Official & Pakistan Pharmaceutical Index
Warfar,Warfarin,2mg - 5mg,Tablet,"Blood clots, Stroke prevention in Atrial Fibrillation","Bleeding risk, Bruising",DRAP Official & Pakistan Pharmaceutical Index
Warin,Warfarin,2mg - 5mg,Tablet,"Blood clots, Stroke prevention in Atrial Fibrillation","Bleeding risk, Bruising",DRAP Official & Pakistan Pharmaceutical Index
Marevan,Warfarin,2mg - 5mg,Tablet,"Blood clots, Stroke prevention in Atrial Fibrillation","Bleeding risk, Bruising",DRAP Official & Pakistan Pharmaceutical Index
Wartin,Warfarin,2mg - 5mg,Tablet,"Blood clots, Stroke prevention in Atrial Fibrillation","Bleeding risk, Bruising",DRAP Official & Pakistan Pharmaceutical Index
Plavix,Clopidogrel,75mg,Tablet,"Heart attack prevention, Stroke prevention","Easy bruising, Bleeding",DRAP Official & Pakistan Pharmaceutical Index
Lowplat,Clopidogrel,75mg,Tablet,"Heart attack prevention, Stroke prevention","Easy bruising, Bleeding",DRAP Official & Pakistan Pharmaceutical Index
Clopid,Clopidogrel,75mg,Tablet,"Heart attack prevention, Stroke prevention","Easy bruising, Bleeding",DRAP Official & Pakistan Pharmaceutical Index
Clopiv,Clopidogrel,75mg,Tablet,"Heart attack prevention, Stroke prevention","Easy bruising, Bleeding",DRAP Official & Pakistan Pharmaceutical Index
Cloker,Clopidogrel,75mg,Tablet,"Heart attack prevention, Stroke prevention","Easy bruising, Bleeding",DRAP Official & Pakistan Pharmaceutical Index
Coreg,Carvedilol,6.25mg - 25mg,Tablet,"Congestive Heart Failure, Left Ventricular Dysfunction","Slow heart rate, Fatigue",DRAP Official & Pakistan Pharmaceutical Index
Carvedil,Carvedilol,6.25mg - 25mg,Tablet,"Congestive Heart Failure, Left Ventricular Dysfunction","Slow heart rate, Fatigue",DRAP Official & Pakistan Pharmaceutical Index
Carved,Carvedilol,6.25mg - 25mg,Tablet,"Congestive Heart Failure, Left Ventricular Dysfunction","Slow heart rate, Fatigue",DRAP Official & Pakistan Pharmaceutical Index
Dilatrend,Carvedilol,6.25mg - 25mg,Tablet,"Congestive Heart Failure, Left Ventricular Dysfunction","Slow heart rate, Fatigue",DRAP Official & Pakistan Pharmaceutical Index
Carvic,Carvedilol,6.25mg - 25mg,Tablet,"Congestive Heart Failure, Left Ventricular Dysfunction","Slow heart rate, Fatigue",DRAP Official & Pakistan Pharmaceutical Index
Inderal,Propranolol,10mg - 40mg,Tablet,"Anxiety (Physical symptoms), Migraine prevention, Hypertension","Cold extremities, Sleep issues",DRAP Official & Pakistan Pharmaceutical Index
Proprin,Propranolol,10mg - 40mg,Tablet,"Anxiety (Physical symptoms), Migraine prevention, Hypertension","Cold extremities, Sleep issues",DRAP Official & Pakistan Pharmaceutical Index
Prop,Propranolol,10mg - 40mg,Tablet,"Anxiety (Physical symptoms), Migraine prevention, Hypertension","Cold extremities, Sleep issues",DRAP Official & Pakistan Pharmaceutical Index
Antisera,Propranolol,10mg - 40mg,Tablet,"Anxiety (Physical symptoms), Migraine prevention, Hypertension","Cold extremities, Sleep issues",DRAP Official & Pakistan Pharmaceutical Index
Betacap,Propranolol,10mg - 40mg,Tablet,"Anxiety (Physical symptoms), Migraine prevention, Hypertension","Cold extremities, Sleep issues",DRAP Official & Pakistan Pharmaceutical Index
Delta-Cortril,Prednisolone,5mg - 20mg,Tablet,"Arthritis, Severe Allergies, Asthma flare-ups","Moon face, Increased blood sugar",DRAP Official & Pakistan Pharmaceutical Index
Predni,Prednisolone,5mg - 20mg,Tablet,"Arthritis, Severe Allergies, Asthma flare-ups","Moon face, Increased blood sugar",DRAP Official & Pakistan Pharmaceutical Index
Cortril,Prednisolone,5mg - 20mg,Tablet,"Arthritis, Severe Allergies, Asthma flare-ups","Moon face, Increased blood sugar",DRAP Official & Pakistan Pharmaceutical Index
Pred-S,Prednisolone,5mg - 20mg,Tablet,"Arthritis, Severe Allergies, Asthma flare-ups","Moon face, Increased blood sugar",DRAP Official & Pakistan Pharmaceutical Index
Meticorten,Prednisolone,5mg - 20mg,Tablet,"Arthritis, Severe Allergies, Asthma flare-ups","Moon face, Increased blood sugar",DRAP Official & Pakistan Pharmaceutical Index
Avelox,Moxifloxacin,400mg,Tablet,"Pneumonia, Skin infections, Sinusitis","Nausea, Diarrhea",DRAP Official & Pakistan Pharmaceutical Index
Moxiget,Moxifloxacin,400mg,Tablet,"Pneumonia, Skin infections, Sinusitis","Nausea, Diarrhea",DRAP Official & Pakistan Pharmaceutical Index
Moxiflo,Moxifloxacin,400mg,Tablet,"Pneumonia, Skin infections, Sinusitis","Nausea, Diarrhea",DRAP Official & Pakistan Pharmaceutical Index
Mox,Moxifloxacin,400mg,Tablet,"Pneumonia, Skin infections, Sinusitis","Nausea, Diarrhea",DRAP Official & Pakistan Pharmaceutical Index
Vigamox (Eye Drop),Moxifloxacin,400mg,Tablet,"Pneumonia, Skin infections, Sinusitis","Nausea, Diarrhea",DRAP Official & Pakistan Pharmaceutical Index
Zinnat,Cefuroxime,250mg - 500mg,Tablet,"Lyme disease, UTI, Gonorrhea","Vaginal itching, Diarrhea",DRAP Official & Pakistan Pharmaceutical Index
Cefurex,Cefuroxime,250mg - 500mg,Tablet,"Lyme disease, UTI, Gonorrhea","Vaginal itching, Diarrhea",DRAP Official & Pakistan Pharmaceutical Index
Axetine,Cefuroxime,250mg - 500mg,Tablet,"Lyme disease, UTI, Gonorrhea","Vaginal itching, Diarrhea",DRAP Official & Pakistan Pharmaceutical Index
Cefur,Cefuroxime,250mg - 500mg,Tablet,"Lyme disease, UTI, Gonorrhea","Vaginal itching, Diarrhea",DRAP Official & Pakistan Pharmaceutical Index
Furox,Cefuroxime,250mg - 500mg,Tablet,"Lyme disease, UTI, Gonorrhea","Vaginal itching, Diarrhea",DRAP Official & Pakistan Pharmaceutical Index
Klaricid,Clarithromycin,250mg - 500mg,Tablet,"H. Pylori (Ulcer bacteria), Chest infections","Abnormal taste, Diarrhea",DRAP Official & Pakistan Pharmaceutical Index
Klar,Clarithromycin,250mg - 500mg,Tablet,"H. Pylori (Ulcer bacteria), Chest infections","Abnormal taste, Diarrhea",DRAP Official & Pakistan Pharmaceutical Index
Claricin,Clarithromycin,250mg - 500mg,Tablet,"H. Pylori (Ulcer bacteria), Chest infections","Abnormal taste, Diarrhea",DRAP Official & Pakistan Pharmaceutical Index
Clar,Clarithromycin,250mg - 500mg,Tablet,"H. Pylori (Ulcer bacteria), Chest infections","Abnormal taste, Diarrhea",DRAP Official & Pakistan Pharmaceutical Index
Clarith,Clarithromycin,250mg - 500mg,Tablet,"H. Pylori (Ulcer bacteria), Chest infections","Abnormal taste, Diarrhea",DRAP Official & Pakistan Pharmaceutical Index
Spiriva,Tiotropium,18mcg Inhalation,Inhaler,"COPD, Emphysema, Chronic Bronchitis","Dry mouth, Constipation",DRAP Official & Pakistan Pharmaceutical Index
Tio,Tiotropium,18mcg Inhalation,Inhaler,"COPD, Emphysema, Chronic Bronchitis","Dry mouth, Constipation",DRAP Official & Pakistan Pharmaceutical Index
Tiotro,Tiotropium,18mcg Inhalation,Inhaler,"COPD, Emphysema, Chronic Bronchitis","Dry mouth, Constipation",DRAP Official & Pakistan Pharmaceutical Index
Handihaler,Tiotropium,18mcg Inhalation,Inhaler,"COPD, Emphysema, Chronic Bronchitis","Dry mouth, Constipation",DRAP Official & Pakistan Pharmaceutical Index
Respimat,Tiotropium,18mcg Inhalation,Inhaler,"COPD, Emphysema, Chronic Bronchitis","Dry mouth, Constipation",DRAP Official & Pakistan Pharmaceutical Index
Chantix,Varenicline,0.5mg - 1mg,Tablet,Smoking Cessation,"Nausea, Vivid dreams",DRAP Official & Pakistan Pharmaceutical Index
Champix,Varenicline,0.5mg - 1mg,Tablet,Smoking Cessation,"Nausea, Vivid dreams",DRAP Official & Pakistan Pharmaceutical Index
Varen,Varenicline,0.5mg - 1mg,Tablet,Smoking Cessation,"Nausea, Vivid dreams",DRAP Official & Pakistan Pharmaceutical Index
StopSmoke,Varenicline,0.5mg - 1mg,Tablet,Smoking Cessation,"Nausea, Vivid dreams",DRAP Official & Pakistan Pharmaceutical Index
QuitNic,Varenicline,0.5mg - 1mg,Tablet,Smoking Cessation,"Nausea, Vivid dreams",DRAP Official & Pakistan Pharmaceutical Index
